UzSaemyung,,Avtokomponent,,Umid Metal,,Avtochas,,Asaka davr,,Farmould,,Xasanov M,,Premium S,,Xoshimov A,,Tursunov M,,Mega Rent Car,,Andijon But,,Axtachi,,Muratov,,Meridian,,Auto Screw,,Vodiy And Ilg'or,,Result
Detal ID,Detal nomi,Detal ID,Detal nomi,Detal ID,Detal nomi,Detal ID,Detal nomi,Detal ID,Detal nomi,Detal ID,Detal nomi,Detal ID,Detal nomi,Detal ID,Detal nomi,Detal ID,Detal nomi,Detal ID,Detal nomi,Detal ID,Detal nomi,Detal ID,Detal nomi,Detal ID,Detal nomi,Detal ID,Detal nomi,Detal ID,Detal nomi,,,,,
117 0265,HEAT SHIELD(PIPE) (SA1D),117 0276 A,RESONATOR,9458 4035,PIPE SPIRE TIRE,ATA8 2509,Труба 22х22х1.6х830,9473 6349,LOOP-CHILD ST ATCH,АТА9 8241,BOX-R/CMPT LID HGE(LH),bcv5 2352,JBSC-HINGE (HOOD SIDE)-LH,9664 8848,"BEAM-IMPACT,  FRT DR (закалка)",75 6021,Inlet Flange /Приемный фланец,9453 3754,Inlet Gasket / Прокладка входа,580 2009,Hanger / Кронштейн,9474 9012,Isolator / Изоляторы,22x22,22x22,142 S12,REAR Muffler Hanger,9661 0775,CHANNEL BEAM FRAME LH,11611072,Stud bolt,96809539,T-250 serviz,bcv5 2352
9639 3127,BRACKET-HOOD RELEASE LVR,1550 2201,Frt Muffler 2Y (UC),(10х1500х6000) 09 Г2С,Лист,ATA8 2508,Труба 20х20х1.6х815,ATA9 8230,LINK-R/CMPT LID HGE TORQ ROD(L),АТА9 8206,BOX-R/CMPT LID HGE(RH),bcv5 2357,JBSC-HINGE (HOOD SIDE)-RH,9668 9976,"BEAM IMPACT, RR DR (25,4x2,0x477mm)",75 6050,"Flange  Assembly SS400,10t",9453 3773,Oulet Gasket / Прокладка входа,580 2007,Hanger / Кронштейн,9474 9013,Isolator / Изоляторы,12.7*1.5*4100,spcc,AVK1 4189,AVK1 4189,9661 0776,CHANNEL BEAM FRAME RH,,,,,bcv5 2357
9643 3287,BRACKET-KNEE DRIVER RH,1550 2202,Frt Muffler 3Y (UD),9618 4413а,BRKT,BCV2 7198,STRAP-GOOSENECK HE-LH-MANUFACTURE,ATA9 8231,LINK-R/CMPT LID HGE TORQ ROD(R),9654 8818,SUPPORT A-HINGE TRUNK LID LH,BCV6 7518,HINGE L/GATE (L/GATE SI),9664 8899,"BEAM IMPACT, RR DR (25,4x2,2x535,8mm)",580 2021,Inlet Flange /Приемный фланец,,,580 2008,Hanger / Кронштейн,,,31.8*2.4*4750,stkm 15c,141s01,flange,142 S16,Муфта заднего глушителя,,,,,BCV6 7518
9645 2832,"BRKT-G/BOX LWR,RH",1550 3201,RR MUFFLER - 2Y,142 S16-1,Втулка,BCV2 6030,STRAP-GOOSENECK HE-LH-MANUFACTURE,9664 9231,"SUPPORT-HING,TRUNK",9654 8819,SUPPORT A-HINGE TRUNK LID RH,BCV6 7533,BRKT-I/P CSTR TR PLT,9668 9904,"BEAM IMPACT, RR DR (31,0x2,0x891mm)",756050,flange,,,,,,,34.0*1.5*4900,said,,,141 S01,FLANGE FRT N-1,,,,,BCV6 7533
9648 9857,REF-I/P LWR TIE BAR,1550 3202,RR MUFFLER - 3Y,,,142 S12,REAR Muffler Hanger,9664 9235,"PLATE-CONN, HINGE, T/LID LH",9654 8825,"PLATE-CONN,HHINGE, TRUNK LID, LH",142 S13,RR MUFFLER-HANGER PIPE,9661 0825,"BEAM-IMPACT,FRONT DOOR (25.4x2.0x830)",1988280,flange,,,,,,,34.02.0*4980,stkm]sphc,,,AVK1 4189,REAR Muffler Hanger,,,,,142 S13
9649 5221,BRACKET-KNEE DRIVER LH,9518 2621,"FRT MUFFLER A, B12D [3Y]",,,AVK14189,B100,9664 9236,"PLATE-CONN, HINGE, T/LID RH",9654 8826,"PLATE-CONN,HHINGE, TRUNK LID, RH",BCV2 6032,BOX INNER-DECKLID HE LH,9654 7382,"BEAM-IMPACT, FRONT DOOR (31x25x2,0x788mm)",1928280,flange inlet,,,,,,,"31,8*1,2*5700",said truba,,,9458 4035,9458 4035,,,,,BCV2 6032
9655 5207,"BRACKET-TIE BAR SIDE,LH",9518 2622,"RR MUFFLER A, B12D [3Y]",,,142s16,mufta ,9661 0780,Bracket-Beam Frame RR.R,,,BCV2 7219,BOX INNER-DECKLID HE RH,9654 7768,"BEAM-IMPACT, REAR DOOR (31x25x2,0x580)",,,,,,,,,35.1.5*4900,said truba,,,,,,,,,BCV2 7219
9655 5208,"BRACKET-TIE BAR,SIDE RH",9518 2623,"FRT MUFFLER A, B12D [2Y]",,,,,9661 0779,Bracket-Beam Frame RR.L,,,bcv5 2355,JBSC-HINGE (BODY SIDE)-LH,,,,,,,,,,,"38,1*1,5*5600",said,,,,,,,,,bcv5 2355
9655 5215,"BRACKET-STEERING COL,UPR",9518 2624,"RR MUFFLER A, [B12D, 2Y]",,,,,9661 0778,Bracket-Beam Frt.R,,,bcv5 2360,JBSC-HINGE (BODY SIDE)-RH,,,,,,,,,,,,,,,,,,,,,bcv5 2360
9655 5218,"BRACKET-CLUSTER,INST PNL",9661 0825-1,"BEAM-IMPACT,FRONT DOOR (25.4x2.0x830)",,,,,9661 0777,Bracket-Beam Frt.L,,,142 S13L,RR-Mufller HANGER PIPE#2,,,,,,,,,,,,,,,,,,,,,142 S13L
9655 5225,"FRAME TIE-BAR,CTR,LH",9654 7768-1,"BEAM-IMPACT, REAR DOOR (31x25x2,0x580)",,,,,9661 0776,Channel-Beam Frame.R,,,BCV4 4033,SUPPORT HOOD HINGE LH,,,,,,,,,,,,,,,,,,,,,BCV4 4033
9655 5229,"FRAME TIE-BAR,CTR,RH",9654 7382-1,"BEAM-IMPACT, FRONT DOOR (31x25x2,0x788mm)",,,,,9661 0775,Channel-Beam Frame.L,,,BCV6 2770,SUPPORT HOOD HINGE RH,,,,,,,,,,,,,,,,,,,,,BCV6 2770
9655 5235,BRACKET RELAY,9655 3655-1,HANGER NO. 4 (S10C),,,,,199 0104X,HANGIR A LEGT,,,BCV4 4038,ARM HOOD HINGE LH,,,,,,,,,,,,,,,,,,,,,BCV4 4038
9655 5244,"BRACKET PAB MODULE,LH",AFT-L- 172500,Flexible Pipe / Гибкая труба,,,,,199 0105X,HANGIR A RIGHT,,,BCV6 2772,ARM HOOD HINGE RH,,,,,,,,,,,,,,,,,,,,,BCV6 2772
9655 5245,"BRACKET-HVAC MODULE,HEATER",325253 1172A,Sensor Boss (m18x1.5p) / Датчик,,,,,197 1689X,HANGIR,,,142S12 Galvanika,S12 Galvanika,,,,,,,,,,,,,,,,,,,,,142S12 Galvanika
9655 5252,"BRACKET AUDIO,LH",75 6015,Insulator / Изолятор,,,,,202 5050X,HANGIR,,,142s16,hinge lh,,,,,,,,,,,,,,,,,,,,,142s16
9655 5253,"BRACKET AUDIO,RH",75 6002,Inlet Pipe / Входная труба,,,,,202 5052Х,HANGIR,,,,,,,,,,,,,,,,,,,,,,,,,
9655 5256,"BRACKET DRIVER,LOWER",443 4512,SCREW M8,,,,,197 1690X,SUPPORT,,,,,,,,,,,,,,,,,,,,,,,,,
9655 5258,"BRACKET-GLOVE BOX,LOWER,LH",9655 3603,MUFFLER ASS'Y,,,,,202 5053X,SUPPORT,,,,,,,,,,,,,,,,,,,,,,,,,
9668 9905,BRACKET FRT S/D OTR PNL  BAR FRT LH,9655 3604,MUFFLER ASS'Y,,,,,202 5049X,SUPPORT,,,,,,,,,,,,,,,,,,,,,,,,,
9668 9906,BRACKET FRT S/D OTR PNL  BAR FRT RH,9655 3637,MUFFLER ASS'Y,,,,,192 2522Х-1,ONIX HANGIR A,,,,,,,,,,,,,,,,,,,,,,,,,
9668 9907,REINF S/D OTR PNL BAR  FRT BRKT LH,9655 3638,MUFFLER ASS'Y,,,,,187 1801X,ONIX HANGIR,,,,,,,,,,,,,,,,,,,,,,,,,
9668 9908,REINF S/D OTR PNL BAR  FRT BRKT RH,9664 8848-1,"BEAM IMPACT, FRT DR (31,8x2,2x876mm)",,,,,244 1282X,ONIX HANGIR,,,,,,,,,,,,,,,,,,,,,,,,,
9668 9909,BRACKET RR S/D OTR PNL  BAR RR LH,9664 8899-1,"BEAM IMPACT, RR DR (25,4x2,2x535,8mm)",,,,,244 1281X,HANGIR,,,,,,,,,,,,,,,,,,,,,,,,,
9668 9910,BRACKET RR S/D OTR PNL  BAR RR RH,579 7002,Inlet Pipe / Внутренная труба,,,,,203 0579X,HANGIR A,,,,,,,,,,,,,,,,,,,,,,,,,
117 0261 A,UPPER ELBOW (SUH 409L),9473 3768,MUFFLER ASSEMBLY / Жакет глушителя в сборе,,,,,244 1285X,ONIX HANGIR,,,,,,,,,,,,,,,,,,,,,,,,,
117 0261 B,LOWER ELBOW (SUH 409L),579 7005,Tail Pipe / Конечная трубка,,,,,,,,,,,,,,,,,,,,,,,,,,,,,,,
117 0262 A,UPPER ELBOW (suh 409L),579 7003,Central Pipe /Централъная трубка,,,,,,,,,,,,,,,,,,,,,,,,,,,,,,,
117 0262 B,LOWER ELBOW (suh 409L),9473 3774,RESANATOR /Резанатор,,,,,,,,,,,,,,,,,,,,,,,,,,,,,,,
117 0263 A,Upper Elbow,9668 9904-1,"BEAM IMPACT, RR DR (31,0x2,0x891mm)",,,,,,,,,,,,,,,,,,,,,,,,,,,,,,,
117 0263 B,Lower Elbow,9668 9976-1,"BEAM IMPACT, RR DR (25,4x2,0x477mm)",,,,,,,,,,,,,,,,,,,,,,,,,,,,,,,
117 0264 A,Upper Elbow,9691 7150,Корпус переднего глушителя,,,,,,,,,,,,,,,,,,,,,,,,,,,,,,,
117 0264 B,Lower Elbow,9691 7151,Корпус заднего глушителя Leaded,,,,,,,,,,,,,,,,,,,,,,,,,,,,,,,
5 9762-8 5510,Крон. опоры стоян.прав.,9698 3840,Sensor boss,,,,,,,,,,,,,,,,,,,,,,,,,,,,,,,
5 9763-8 5510,Крон.опори стоянки лев,1000 9004,INLET TUBE (SUH 409L),,,,,,,,,,,,,,,,,,,,,,,,,,,,,,,
5 9764-8 5510,Крон.топливного бака задн.,"T-250-BP Thermoprocessing pipe (Ø21.2 х t1,8 x 1505 mm)","Thermoprocessing pipe (Ø21.2 х t1,8 x 1505 mm)",,,,,,,,,,,,,,,,,,,,,,,,,,,,,,,
9458 7975-06,NECK KOMP FUEL FILLER,9691 4239,Корпус заднего глушителя,,,,,,,,,,,,,,,,,,,,,,,,,,,,,,,
5 9767 - 83D00,Передняя подвеска глушителя,9691 4238,Корпус переднего глушителя,,,,,,,,,,,,,,,,,,,,,,,,,,,,,,,
9655 5244A,"BRACKET PAB MODULE,RH",9661 0988,"Beam Frame L (31,8x2,4x785mm)",,,,,,,,,,,,,,,,,,,,,,,,,,,,,,,
96M 00037,RHREINF HBAK LH,9661 0989,"Beam Frame L (31,8x2,4x785mm)",,,,,,,,,,,,,,,,,,,,,,,,,,,,,,,
9458 7975-3,Pipe Fuel inlet,"C353-12072 SUH 409 L 45 x1,2 5600","SUH 409 L 45 x1,2 5600",,,,,,,,,,,,,,,,,,,,,,,,,,,,,,,
9458 7975-4,Pipe Fuel inlet breather,"C353-12104 SUH409L 35x1,2t 5700","SUH409L 35x1,2t 5700",,,,,,,,,,,,,,,,,,,,,,,,,,,,,,,
96M 00047,BRKT -GLOBE BOX,"C372-12018 SUS 439 45 x1,2 5800","SUS 439 45 x1,2 5800",,,,,,,,,,,,,,,,,,,,,,,,,,,,,,,
96M 00049,"BRKT -I/P SUPPT,LH","DP07 SUH 409 L 45 x1,5 5700","SUH 409 L 45 x1,5 5700",,,,,,,,,,,,,,,,,,,,,,,,,,,,,,,
96M 00050,"BRKT -I/P SUPPT,RH","DP14-3 SUH 409 L 50 x1,2 5800","SUH 409 L 50 x1,2 5800",,,,,,,,,,,,,,,,,,,,,,,,,,,,,,,
96M 00051,BRKT -OBD CONNEKTOR,"C353-12106 SUH409L 42,7x1,2t 5700","SUH409L 42,7x1,2t 5700",,,,,,,,,,,,,,,,,,,,,,,,,,,,,,,
96M 00100,AUDIO BRKT,"DP16 SUH409L 60,0 x t1,5 5700","SUH409L 60,0 x t1,5 5700",,,,,,,,,,,,,,,,,,,,,,,,,,,,,,,
96M 00150,REINF -HBAK CTR,"DPJ200 SPCC 48 ,1 х 2,0 4690","SPCC 48 ,1 х 2,0 4690",,,,,,,,,,,,,,,,,,,,,,,,,,,,,,,
AUT7 1158,"BRKT ASM-STRG COLUMN ,LWR","P01-AST SAID 31,8x1,2t 5700","SAID 31,8x1,2t 5700",,,,,,,,,,,,,,,,,,,,,,,,,,,,,,,
AUT7 1162,REINF - STRG COLUMN,"P-03-AST SAID 35x1,5t 5500","SAID 35x1,5t 5500",,,,,,,,,,,,,,,,,,,,,,,,,,,,,,,
AVK2 0948,H-VAC SIDE MT'G BRKT,"P-04-AST SAID 38,1x1,5t 5600","SAID 38,1x1,5t 5600",,,,,,,,,,,,,,,,,,,,,,,,,,,,,,,
9654 7387,"BRACKET-RR, I/BEAM, FRT DR, LH","P-05-AST SA1D 45 x1,5 5700","SA1D 45 x1,5 5700",,,,,,,,,,,,,,,,,,,,,,,,,,,,,,,
9654 7383,"BRACKET-FRT, I/BEAM, FRT DR, LH","P-08-AST STKM 34,0x2,0t 4980","STKM 34,0x2,0t 4980",,,,,,,,,,,,,,,,,,,,,,,,,,,,,,,
9654 7388,"BRACKET-RR, I/BEAM, FRT DR, RH","P-09-AST SAID 42,7x1,5t 5700","SAID 42,7x1,5t 5700",,,,,,,,,,,,,,,,,,,,,,,,,,,,,,,
9654 7384,"BRACKET-FRT, I/BEAM, FRT DR, RH","P10-AST SUH 45x1,5t 5530","SUH 45x1,5t 5530",,,,,,,,,,,,,,,,,,,,,,,,,,,,,,,
9654 7772,"BRACKET-RR, I/BEAM, RR DR, LH","P15-AST STKM 38,0x2,3t 5000","STKM 38,0x2,3t 5000",,,,,,,,,,,,,,,,,,,,,,,,,,,,,,,
9654 7770,"BRACKET-FRT, I/BEAM, RR DR, LH","STKM 13 STKM 13 54,0x1,4t 5050","STKM 13 54,0x1,4t 5050",,,,,,,,,,,,,,,,,,,,,,,,,,,,,,,
9654 7773,"BRACKET-RR, I/BEAM, RR DR, RH","STKM 13B STKM13B 54,0x2,0t 5050","STKM13B 54,0x2,0t 5050",,,,,,,,,,,,,,,,,,,,,,,,,,,,,,,
9654 7771,"BRACKET-FRT, I/BEAM, RR DR, RH","SPCC 34 SPCC 34,0x2,0x5200 MM","SPCC 34,0x2,0x5200 MM",,,,,,,,,,,,,,,,,,,,,,,,,,,,,,,
9458 4305,"BRKT, 1ST MUFFLER HANGER","SPCC 28 SPCC 28,6,0x2,0x5800 MM","SPCC 28,6,0x2,0x5800 MM",,,,,,,,,,,,,,,,,,,,,,,,,,,,,,,
9458 4875,"STAY, PARKING, CABLE, R","P-06-АST SAID 48,1x1,5t 5700","SAID 48,1x1,5t 5700",,,,,,,,,,,,,,,,,,,,,,,,,,,,,,,
9458 4877,"STAY, PARKING, CABLE, L","SPCC 1,5 SPCC 42,5x1,5x5700 MM","SPCC 42,5x1,5x5700 MM",,,,,,,,,,,,,,,,,,,,,,,,,,,,,,,
9458 4310,"BRKT, MISSION MOUNT","SPCC 2,0 SPCC 42,5x2,0x5700 MM","SPCC 42,5x2,0x5700 MM",,,,,,,,,,,,,,,,,,,,,,,,,,,,,,,
9458 4039,Stopper spare tire,"P-03-AST-1 SAID 35x1,5t 4900","SAID 35x1,5t 4900",,,,,,,,,,,,,,,,,,,,,,,,,,,,,,,
9458 4042,Bracket spare tire,"P-03-AST-2 SAID 35x1,5t 5300","SAID 35x1,5t 5300",,,,,,,,,,,,,,,,,,,,,,,,,,,,,,,
BCV7 7751,IP BRACKET CTR,"P-09-AST-1 SAID 42,7x1,5t 5550","SAID 42,7x1,5t 5550",,,,,,,,,,,,,,,,,,,,,,,,,,,,,,,
BBW0 6248,TAB BRACE-I/P LWR LT,"T-250-TB SPHC-PO(Ø42,2 x t2,0x5600)mm","SPHC-PO(Ø42,2 x t2,0x5600)mm",,,,,,,,,,,,,,,,,,,,,,,,,,,,,,,
BBW2 2776,BRKT PLATE_BSEG,"P-05-AST-1 SA1D 45 x1,5 5800","SA1D 45 x1,5 5800",,,,,,,,,,,,,,,,,,,,,,,,,,,,,,,
BBW1 2604,BRKT ASM-PLNM_BSEG,"SPCC 20 SPCC 20x20x2,0t 5900","SPCC 20x20x2,0t 5900",,,,,,,,,,,,,,,,,,,,,,,,,,,,,,,
BCV1 4190,BRACKET CTR STACK,"SPHC 20 SPHC 20x20x2,0t 5800","SPHC 20x20x2,0t 5800",,,,,,,,,,,,,,,,,,,,,,,,,,,,,,,
BCV3 2546,BRACKET BCM IEC,"SPCC SPCC (CR) 42,7x1,0x5900","SPCC (CR) 42,7x1,0x5900",,,,,,,,,,,,,,,,,,,,,,,,,,,,,,,
BBW1 7106,"BRACKET REINF I/P, RH","20126000 SUH 50x1,2x6000","SUH 50x1,2x6000",,,,,,,,,,,,,,,,,,,,,,,,,,,,,,,
BBW2 9030,BRACKET HVAC,"22x22 SPCC Квадратная труба (22*22*1,6*6000)мм","SPCC Квадратная труба (22*22*1,6*6000)мм",,,,,,,,,,,,,,,,,,,,,,,,,,,,,,,
BBW1 5717,BRACKET HVAC,9648 1139-1 Кронштейн №2,Кронштейн №2,,,,,,,,,,,,,,,,,,,,,,,,,,,,,,,
BBW1 5949,BRACKET HVAC,9655 3653-1 HANGER NO.3 (S10C),HANGER NO.3 (S10C),,,,,,,,,,,,,,,,,,,,,,,,,,,,,,,
BCV8 1439,DUCT BRACKET,9655 3657-1 Кронштейн №5,Кронштейн №5,,,,,,,,,,,,,,,,,,,,,,,,,,,,,,,
BBW3 0542,PAB BRKT,"451 5780 SUH 45х1,5х780","SUH 45х1,5х780",,,,,,,,,,,,,,,,,,,,,,,,,,,,,,,
BBW3 0543,PAB BRKT,"541 3270 54,0x1,3x5420mm","54,0x1,3x5420mm",,,,,,,,,,,,,,,,,,,,,,,,,,,,,,,
BCV1 5015,BRACE RH CTR STACK,"STKA381235000 STKM 11A (38,1x2,3x5000)","STKM 11A (38,1x2,3x5000)",,,,,,,,,,,,,,,,,,,,,,,,,,,,,,,
BBW1 5721,BRACKET I/P LOWER LHD,96536988,hanger,,,,,,,,,,,,,,,,,,,,,,,,,,,,,,,
BNV2 8323,BRACKET MODULE,,,,,,,,,,,,,,,,,,,,,,,,,,,,,,,,,
BBW2 9021,OBD BRACKET,,,,,,,,,,,,,,,,,,,,,,,,,,,,,,,,,
BCV3 8592,HANDLE BRACKET,,,,,,,,,,,,,,,,,,,,,,,,,,,,,,,,,
BBW2 6765,BRACE - RH CTR STACK,,,,,,,,,,,,,,,,,,,,,,,,,,,,,,,,,
BBW1 2606,STRG COL BRKT,,,,,,,,,,,,,,,,,,,,,,,,,,,,,,,,,
BBW1 3245,BRKT ASM-PLNM_BSEG,,,,,,,,,,,,,,,,,,,,,,,,,,,,,,,,,
BBW0 1632,"H-PILLAR BRKT, RH",,,,,,,,,,,,,,,,,,,,,,,,,,,,,,,,,
BBW0 1502,"H-PILLAR BRKT, LH",,,,,,,,,,,,,,,,,,,,,,,,,,,,,,,,,
BCV1 5115,BRKT TCP (B),,,,,,,,,,,,,,,,,,,,,,,,,,,,,,,,,
BCV1 5311,BRKT TCP,,,,,,,,,,,,,,,,,,,,,,,,,,,,,,,,,
BCV2 3009,BRKT TCP,,,,,,,,,,,,,,,,,,,,,,,,,,,,,,,,,
BCV7 2629,IP BRKT UPR CTR,,,,,,,,,,,,,,,,,,,,,,,,,,,,,,,,,
BCV6 8411,BRACKET BCM IEC,,,,,,,,,,,,,,,,,,,,,,,,,,,,,,,,,
BDA3 7093,BRKT ASM-PLNM (B SEG),,,,,,,,,,,,,,,,,,,,,,,,,,,,,,,,,
BDA1 4013,BRACE-RH CTR STACK,,,,,,,,,,,,,,,,,,,,,,,,,,,,,,,,,
BDA2 3276,BRKT IP DRIVER,,,,,,,,,,,,,,,,,,,,,,,,,,,,,,,,,
BCV2 9894,TCP BRKT-CTR,,,,,,,,,,,,,,,,,,,,,,,,,,,,,,,,,
BCV1 6304,BRACKET BRACE-I/P LOWR RT LHD (SUV SEG),,,,,,,,,,,,,,,,,,,,,,,,,,,,,,,,,
BDA1 3122,BRACKET I/P RHD (SUV SEG),,,,,,,,,,,,,,,,,,,,,,,,,,,,,,,,,
BDA1 3296,BRACKET I/P LHD (SUV SEG),,,,,,,,,,,,,,,,,,,,,,,,,,,,,,,,,
BCV5 0052,IP BRKT CTR,,,,,,,,,,,,,,,,,,,,,,,,,,,,,,,,,
BCV6 3310,SUPT BRKT BRACE I/P LWR LT FWD,,,,,,,,,,,,,,,,,,,,,,,,,,,,,,,,,
BCV5 2893,BRKT AIR BAG (B),,,,,,,,,,,,,,,,,,,,,,,,,,,,,,,,,
BDA2 2854,BRACKET CSM-MODUL AND HVAC,,,,,,,,,,,,,,,,,,,,,,,,,,,,,,,,,
BHU3 7383,BHU37383-BRKT,,,,,,,,,,,,,,,,,,,,,,,,,,,,,,,,,
BDC2 1471,BRKT AIR BAG,,,,,,,,,,,,,,,,,,,,,,,,,,,,,,,,,
BCV7 5013,HANDLE BRACKET,,,,,,,,,,,,,,,,,,,,,,,,,,,,,,,,,
BHU0 0897,OBD BRACKET,,,,,,,,,,,,,,,,,,,,,,,,,,,,,,,,,
BDA0 8326,REINF-STRG COL BRKT (BSEG SUV) LHD,,,,,,,,,,,,,,,,,,,,,,,,,,,,,,,,,
BDA3 7382,BRKT ASM-PLNM (B SEG),,,,,,,,,,,,,,,,,,,,,,,,,,,,,,,,,
BCV7 4756,DUCT BRKT,,,,,,,,,,,,,,,,,,,,,,,,,,,,,,,,,
BCV1 6216,REINFORCE BRACKET (SUV SEG),,,,,,,,,,,,,,,,,,,,,,,,,,,,,,,,,
BNV3 2553,BAR-I/P TIE,,,,,,,,,,,,,,,,,,,,,,,,,,,,,,,,,
BDC2 2126,IP BEAM (SUV SEG),,,,,,,,,,,,,,,,,,,,,,,,,,,,,,,,,
BCV4 4038-1,ARM HOOD HINGE LH,,,,,,,,,,,,,,,,,,,,,,,,,,,,,,,,,
BCV4 4033-1,SUPPORT HOOD HINGE LH,,,,,,,,,,,,,,,,,,,,,,,,,,,,,,,,,
BCV6 2772-1,ARM HOOD HINGE RH,,,,,,,,,,,,,,,,,,,,,,,,,,,,,,,,,
BCV6 2770-1,SUPPORT HOOD HINGE RH,,,,,,,,,,,,,,,,,,,,,,,,,,,,,,,,,
BCV6 7518-1,HINGE L/GATE (L/GATE SI),,,,,,,,,,,,,,,,,,,,,,,,,,,,,,,,,
BCV6 7533-1,STRAP-L/GATE HINGE B/S,,,,,,,,,,,,,,,,,,,,,,,,,,,,,,,,,
BCV2 7219-1,BOX INNER-DECKLID HE RH,,,,,,,,,,,,,,,,,,,,,,,,,,,,,,,,,
BCV2 6032-1,BOX INNER-DECKLID HE LH,,,,,,,,,,,,,,,,,,,,,,,,,,,,,,,,,
BCV5 2352-1,JBSC-HINGE (HOOD SIDE)-LH,,,,,,,,,,,,,,,,,,,,,,,,,,,,,,,,,
BCV5 2355-1,JBSC-HINGE (BODY SIDE)-LH,,,,,,,,,,,,,,,,,,,,,,,,,,,,,,,,,
BCV5 2357-1,JBSC-HINGE (HOOD SIDE)-RH,,,,,,,,,,,,,,,,,,,,,,,,,,,,,,,,,
BCV5 2360-1,JBSC-HINGE (BODY SIDE)-RH,,,,,,,,,,,,,,,,,,,,,,,,,,,,,,,,,
BNV2 8747,GEM BCM BRKT,,,,,,,,,,,,,,,,,,,,,,,,,,,,,,,,,
1150 7028,NUT-STRIP FORM TYPE ANS SELF-PIE,,,,,,,,,,,,,,,,,,,,,,,,,,,,,,,,,
1157 1035,STUD-TYPE TUS3 UNTHDED PROJ WELD,,,,,,,,,,,,,,,,,,,,,,,,,,,,,,,,,
1158 8662,STUD-WELD METRIC,,,,,,,,,,,,,,,,,,,,,,,,,,,,,,,,,
9451 5084,"NUT-WELD SQUARE,M8X1.25",,,,,,,,,,,,,,,,,,,,,,,,,,,,,,,,,
ASC0 5828H,BRKT-STRG COL LWR LH,,,,,,,,,,,,,,,,,,,,,,,,,,,,,,,,,
ASC0 5831H,PLATE I/P TIE BAR ANC RH LWR,,,,,,,,,,,,,,,,,,,,,,,,,,,,,,,,,
ASC0 5833H,PLATE I/P TIE BAR ANC LH LWR(A),,,,,,,,,,,,,,,,,,,,,,,,,,,,,,,,,
ASC0 5842,BRKT HTR&A/C EVPR&BLO MDL RH,,,,,,,,,,,,,,,,,,,,,,,,,,,,,,,,,
ASC0 5843,REINF-STRG COL BRKT,,,,,,,,,,,,,,,,,,,,,,,,,,,,,,,,,
ASC0 5845H,BRKT HTR&A/C EVPR&BLO MDL LWR,,,,,,,,,,,,,,,,,,,,,,,,,,,,,,,,,
ASC0 5847A,BRACE-I/P LWR LH,,,,,,,,,,,,,,,,,,,,,,,,,,,,,,,,,
ASC0 5849A,BRACE-I/P LWR RH,,,,,,,,,,,,,,,,,,,,,,,,,,,,,,,,,
ASC0 6330,REINF-I/P TIE BAR LH(LHD),,,,,,,,,,,,,,,,,,,,,,,,,,,,,,,,,
ASC3 3557,BRKT HTR&A/C EVPR&BLO MDL,,,,,,,,,,,,,,,,,,,,,,,,,,,,,,,,,
ASC3 3558,BRKT HTR&A/C EVPR&BLO MDL,,,,,,,,,,,,,,,,,,,,,,,,,,,,,,,,,
ASC3 5766,REINF-STRG COL BRKT LOW,,,,,,,,,,,,,,,,,,,,,,,,,,,,,,,,,
ASC8 7828H,BRKT I/P CLUSTER,,,,,,,,,,,,,,,,,,,,,,,,,,,,,,,,,
ASU5 0797,BAR-I/P TIE(LHD),,,,,,,,,,,,,,,,,,,,,,,,,,,,,,,,,
ASX7 8076,PLNBRKT-4NB,,,,,,,,,,,,,,,,,,,,,,,,,,,,,,,,,
ASX7 8079A,BRKT-REINF Y-LOCATOR-4NB,,,,,,,,,,,,,,,,,,,,,,,,,,,,,,,,,
ATU5 2115H,BRKT I/P CTR UPR,,,,,,,,,,,,,,,,,,,,,,,,,,,,,,,,,
ATU5 6577,BRKT IEC I/P CARR,,,,,,,,,,,,,,,,,,,,,,,,,,,,,,,,,
ATU5 6578H,BRKT I/P CARR LH,,,,,,,,,,,,,,,,,,,,,,,,,,,,,,,,,
ATU7 6212,BRKT I/P CARR LH,,,,,,,,,,,,,,,,,,,,,,,,,,,,,,,,,
ATU7 6213,BRKT I/P CARR RH,,,,,,,,,,,,,,,,,,,,,,,,,,,,,,,,,
AUT1 9386H,BRKT I/P TRIM CTR,,,,,,,,,,,,,,,,,,,,,,,,,,,,,,,,,
AVC3 2065H,TRIM SIDE END LWR BRKT RH LWR,,,,,,,,,,,,,,,,,,,,,,,,,,,,,,,,,
AVC3 6710H,PAB BRKT LHD LWR,,,,,,,,,,,,,,,,,,,,,,,,,,,,,,,,,
ATF5 5737H,BRKT-STRG COL LWR RH,,,,,,,,,,,,,,,,,,,,,,,,,,,,,,,,,